{"1": {"2": 58.632, "3": 61.708709999999996, "4": 958.6332000000001, "5": 3.0828699999999998}, "2": {"1": 0.01706, "3": 1.05248, "4": 16.35, "5": 0.05258}, "3": {"1": 0.0162, "2": 0.94999, "4": 15.532336500000001, "5": 0.04995}, "4": {"1": 0.0010434250764525992, "2": 0.061162079510703356, "3": 0.06437186544342507, "5": 0.0032159021406727825}, "5": {"1": 0.32513, "2": 19.06326, "3": 20.063599999999997, "4": 311.684301}}