{"1": {"2": 57.499900000000004, "3": 59.964, "4": 3.516813455657492, "5": 2.9823899999999997}, "2": {"1": 0.01739, "3": 1.0495999999999999, "4": 0.061162079510703356, "5": 0.05187}, "3": {"1": 0.01668, "2": 0.9528, "4": 0.0582754740061162, "5": 0.049659999999999996}, "4": {"1": 0.28432650000000004, "2": 16.35, "3": 17.16096, "5": 0.8480745000000001}, "5": {"1": 0.33538, "2": 19.284029999999998, "3": 20.24052, "4": 1.1794513761467886}}