{"1": {"2": 63.625, "3": 66.805, "4": 3.891437308868501, "5": 3.34158}, "2": {"1": 0.01572, "3": 1.078, "4": 0.061162079510703356, "5": 0.052520000000000004}, "3": {"1": 0.01497, "2": 0.9276, "4": 0.05673394495412843, "5": 0.04872}, "4": {"1": 0.2570220000000001, "2": 16.35, "3": 17.625300000000003, "5": 0.8587020000000002}, "5": {"1": 0.29913, "2": 19.031950000000002, "3": 20.515009999999997, "4": 1.164033639143731}}