{"1": {"2": 56.0, "3": 58.3497, "4": 3.425076452599388, "5": 2.9321599999999997}, "2": {"1": 0.01786, "3": 1.04196, "4": 0.061162079510703356, "5": 0.05236}, "3": {"1": 0.01714, "2": 0.9596699999999999, "4": 0.05869541284403668, "5": 0.05025}, "4": {"1": 0.2920110000000001, "2": 16.35, "3": 17.036046000000002, "5": 0.856086}, "5": {"1": 0.34174, "2": 19.13721, "3": 19.94126, "4": 1.1704715596330273}}